Nummer;Datum;Gegenstand; Art ;Stimmberechtigte;Abgegebene;Stimmbeteiligung; Leer ;Ungültig;Gültige; JA ; NEIN ;Ja;Angenommen (A);Annehmende;Ablehnende
548;03/07/2010;Verfassungsartikel über die Forschung am Menschen;Obl.;5,051,316  ;2,297,548  ;45.5  ;75,974  ;8,919  ;2,212,655  ;1,708,488  ;504,167  ;77.2  ;A ;20 6/2 ;0 
549;03/07/2010;Volksinitiative «Gegen Tierquälerei und für einen besseren Rechtsschutz der Tiere»;I.;5,051,316  ;2,314,490  ;45.8  ;30,171  ;7,447  ;2,276,872  ;671,731  ;1,605,141  ;29.5  ;V ;0 ;20 6/2 
550;03/07/2010;Bundesgesetz über die berufliche Alters-, Hinterlassenen- und Invalidenvorsorge (BVG) (Mindestumwandlungssatz);Fak.;5,051,316  ;2,311,052  ;45.8  ;39,967  ;7,507  ;2,263,578  ;617,209  ;1,646,369  ;27.3  ;V ;*;*
551;09/26/2010;Bundesgesetz über die obligatorische Arbeitslosenversicherung und die Insolvenzentschädigung;Fak.;5,077,180  ;1,819,477  ;35.8  ;19,165  ;5,298  ;1,795,014  ;958,913  ;836,101  ;53.4  ;A ;*;*
552.1 6);11/28/2010;Volksinitiative «Für die Ausschaffung krimineller Ausländer»;I.;5,083,921  ;2,690,799  ;52.9  ;6,217  ;9,955  ;2,674,627  ;1,397,923  ;1,243,942  ;52.9  ;A ;15 5/2;5 1/2
552.2 6);11/28/2010;Bundesbeschluss über die Aus- und Wegweisung krimineller Ausländerinnen und Ausländer im Rahmen der Bundesverfassung (Gegenentwurf zur Ausschaffungsinitiative);GE;5,083,921  ;2,690,799  ;52.9  ;6,217  ;9,955  ;2,674,627  ;1,189,269  ;1,407,830  ;45.8  ;V ;0;20 6/2
553;11/28/2010;Volksinitiative «Für faire Steuern. Stopp dem Missbrauch beim Steuerwettbewerb»;I.;5,083,921  ;2,662,110  ;52.4  ;68,564  ;9,728  ;2,583,818  ;1,073,229  ;1,510,589  ;41.5  ;V ;3 1/2;17 5/2
554;02/13/2011;Volksinitiative «Für den Schutz vor Waffengewalt»;I.;5,092,212  ;2,501,260  ;49.1  ;15,117  ;7,019  ;2,479,124  ;1,083,312  ;1,395,812  ;43.7  ;V ;5 1/2;15 5/2
555;03/11/2012;Volksinitiative «Schluss mit uferlosem Bau von Zweitwohnungen!»;I.;5,139,057  ;2,321,951  ;45.2  ;38,798  ;6,753  ;2,276,400  ;1,152,598  ;1,123,802  ;50.6  ;A ;12 3/2;8 3/2
556;03/11/2012;Volksinitiative «Für ein steuerlich begünstigtes Bausparen zum Erwerb von selbst genutztem Wohneigentum und zur Finanzierung von baulichen Energiespar- und Umweltschutzmassnahmen»;I.;5,139,057  ;2,311,923  ;45.0  ;86,188  ;7,637  ;2,218,098  ;980,273  ;1,237,825  ;44.2  ;V ;4 1/2;16 5/2
557;03/11/2012;Volksinitiative «6 Wochen Ferien für alle»;I.;5,139,057  ;2,334,005  ;45.4  ;23,794  ;6,508  ;2,303,703  ;771,717  ;1,531,986  ;33.5  ;V ;0;20 6/2
558;03/11/2012;Bundesbeschluss über die Regelung der Geldspiele zugunsten gemeinnütziger Zwecke;Obl.;5,139,057  ;2,300,568  ;44.8  ;92,758  ;7,520  ;2,200,290  ;1,916,182  ;284,108  ;87.1  ;A ;20 6/2;0
559;03/11/2012;Bundesgesetz über die Buchpreisbindung;Fak.;5,139,057  ;2,305,239  ;44.9  ;96,702  ;7,682  ;2,200,855  ;966,633  ;1,234,222  ;43.9  ;V ;*;*
560;06/17/2012;Volksinitiative «Eigene vier Wände dank Bausparen»;I.;5,149,475  ;1,984,038  ;38.5  ;44,095  ;5,655  ;1,934,288  ;601,449  ;1,332,839  ;31.1  ;V ;0;20 6/2
561;06/17/2012;Volksinitiative «Für die Stärkung der Volksrechte in der Aussenpolitik (Staatsverträge vors Volk!)»;I.;5,149,475  ;1,983,704  ;38.5  ;35,344  ;5,528  ;1,942,832  ;480,173  ;1,462,659  ;24.7  ;V ;0;20 6/2
562;06/17/2012;Änderung des Bundesgesetzes über die Krankenversicherung (Managed Care);Fak.;5,149,475  ;1,990,232  ;38.6  ;35,211  ;5,492  ;1,949,529  ;466,862  ;1,482,667  ;23.9  ;V ;*;*
563;09/23/2012;Bundesbeschluss über die Jugendmusikförderung;Obl.;5,160,331  ;2,188,758  ;42.4  ;46,630  ;6,852  ;2,135,276  ;1,552,045  ;583,231  ;72.7  ;A ;20 6/2;0
564;09/23/2012;Volksinitiative «Sicheres Wohnen im Alter»;I. ;5,160,331  ;2,194,727  ;42.5  ;48,172  ;7,044  ;2,139,511  ;1,014,016  ;1,125,495  ;47.4  ;V ;9 1/2;11 5/2
565;09/23/2012;Volksinitiative «Schutz vor Passivrauchen»;I.;5,160,331  ;2,209,395  ;42.8  ;23,580  ;6,625  ;2,179,190  ;741,205  ;1,437,985  ;34.0  ;V ;1;19 6/2
566;11/25/2012;Änderung des Tierseuchengesetzes (TSG);Fak.;5,166,973  ;1,425,830  ;27.6  ;35,888  ;4,238  ;1,385,704  ;946,220  ;439,484  ;68.3  ;A ;*;*
567 5);03/03/2013;Bundesbeschluss über die Familienpolitik;Obl.;5,174,961  ;2,412,095  ;46.6  ;42,998  ;6,615  ;2,362,482  ;1,283,951  ;1,078,531  ;54.3  ;V ;9 2/2;11 4/2
568;03/03/2013;Volksinitiative «gegen die Abzockerei»;I.;5,174,961  ;2,418,825  ;46.7  ;34,173  ;6,493  ;2,378,159  ;1,616,184  ;761,975  ;68.0  ;A ;20 6/2;0
569;03/03/2013;Bundesgesetz über die Raumplanung;Fak.;5,174,961  ;2,406,787  ;46.5  ;51,840  ;6,491  ;2,348,456  ;1,476,942  ;871,514  ;62.9  ;A ;*;*
570;06/09/2013;Volksinitiative «Volkswahl des Bundesrates»;I.;5,184,334  ;2,048,664  ;39.5  ;12,777  ;5,516  ;2,030,371  ;480,291  ;1,550,080  ;23.7  ;V ;0;20 6/2
571;06/09/2013;Asylgesetz (AsylG) (Dringliche Änderungen des Asylgesetzes);Fak.;5,184,334  ;2,044,092  ;39.4  ;33,033  ;5,878  ;2,005,181  ;1,573,007  ;432,174  ;78.4  ;A ;*;*
572;09/22/2013;Volksinitiative «Ja zur Aufhebung der Wehrpflicht»;I.;5,195,333  ;2,436,112  ;46.9  ;21,782  ;6,534  ;2,407,796  ;644,985  ;1,762,811  ;26.8  ;V ;0;20 6/2
573;09/22/2013;Bundesgesetz über die Bekämpfung übertragbarer Krankheiten des Menschen (Epidemiengesetz);Fak.;5,195,333  ;2,424,629  ;46.7  ;56,284  ;7,217  ;2,361,128  ;1,416,741  ;944,387  ;60.0  ;A ;*;*
574;09/22/2013;Arbeitsgesetz (Liberalisierung der Öffnungszeiten von Tankstellenshops);Fak.;5,195,333  ;2,425,079  ;46.7  ;44,254  ;6,789  ;2,374,036  ;1,324,528  ;1,049,508  ;55.8  ;A ;*;*
575;11/24/2013;Volksinitiative «1:12 – Für gerechte Löhne»;I.;5,204,062  ;2,791,082  ;53.6  ;31,218  ;8,147  ;2,751,717  ;954,787  ;1,796,930  ;34.7  ;V ;0;20 6/2
576;11/24/2013;Volksinitiative «Familieninitiative: Steuerabzüge auch für Eltern, die ihre Kinder selber betreuen»;I.;5,204,062  ;2,788,725  ;53.6  ;36,312  ;8,252  ;2,744,161  ;1,139,670  ;1,604,491  ;41.5  ;V ;2 1/2;18 5/2
577;11/24/2013;Bundesgesetz über die Abgabe für die Benützung von Nationalstrassen;Fak.;5,204,062  ;2,790,051  ;53.6  ;31,971  ;7,964  ;2,750,116  ;1,087,368  ;1,662,748  ;39.5  ;V ;*;*
578;02/09/2014;Bundesbeschluss über die Finanzierung und den Ausbau der Eisenbahninfrastruktur (direkter Gegenentwurf zur zurückgezogenen Volksinitiative «Für den öffentlichen Verkehr»);Obl.;5,211,681  ;2,930,777  ;56.2  ;56,560  ;9,163  ;2,865,054  ;1,776,878  ;1,088,176  ;62.0  ;A ;19 6/2;1
579;02/09/2014;Volksinitiative «Abtreibungsfinanzierung ist Privatsache – Entlastung der Krankenversicherung durch Streichung der Kosten des Schwangerschaftsabbruchs aus der obligatorischen Grundversicherung»;I.;5,211,681  ;2,940,167  ;56.4  ;38,655  ;8,903  ;2,892,609  ;873,060  ;2,019,549  ;30.2  ;V ;1/2;20 5/2
580;02/09/2014;Volksinitiative «Gegen Masseneinwanderung»;I.;5,211,681  ;2,948,156  ;56.6  ;31,094  ;8,656  ;2,908,406  ;1,463,854  ;1,444,552  ;50.3  ;A ;12 5/2;8 1/2
581;05/18/2014;Bundesbeschluss über die medizinische Grundversorgung (direkter Gegenentwurf zur zurückgezogenen Volksinitiative «Ja zur Hausarztmedizin»);Obl.;5,221,880  ;2,915,993  ;55.8  ;89,196  ;9,731  ;2,817,066  ;2,480,870  ;336,196  ;88.1  ;A ;20 6/2;0
582;05/18/2014;Volksinitiative «Pädophile sollen nicht mehr mit Kindern arbeiten dürfen»;I.;5,221,880  ;2,933,259  ;56.2  ;59,214  ;9,519  ;2,864,526  ;1,819,822  ;1,044,704  ;63.5  ;A ;20 6/2;0
583;05/18/2014;Volksinitiative «Für den Schutz fairer Löhne (Mindestlohn-Initiative)»;I.;5,221,880  ;2,942,915  ;56.4  ;36,192  ;8,960  ;2,897,763  ;687,571  ;2,210,192  ;23.7  ;V ;0;20 6/2
584;05/18/2014;Bundesgesetz über den Fonds zur Beschaffung des Kampfflugzeugs Gripen;Fak.;5,221,880  ;2,941,136  ;56.3  ;43,627  ;9,022  ;2,888,487  ;1,345,726  ;1,542,761  ;46.6  ;V ;*;*
585;09/28/2014;Volksinitiative «Schluss mit der MwSt-Diskriminierung des Gastgewerbes!»;I.;5,240,134  ;2,460,809  ;47.0  ;49,610  ;7,809  ;2,403,390  ;684,563  ;1,718,827  ;28.5  ;V ;0;20 6/2
586;09/28/2014;Volksinitiative «Für eine öffentliche Krankenkasse»;I.;5,240,134  ;2,472,295  ;47.2  ;20,087  ;7,160  ;2,445,048  ;933,012  ;1,512,036  ;38.2  ;V ;4;16 6/2
587;11/30/2014;Volksinitiative «Schluss mit den Steuerprivilegien für Millionäre (Abschaffung der Pauschalbesteuerung)»;I.;5,247,512  ;2,618,768  ;49.9  ;29,634  ;7,895  ;2,581,239  ;1,053,125  ;1,528,114  ;40.8  ;V ;1;19 5/2
588;11/30/2014;Volksinitiative «Stopp der Überbevölkerung – zur Sicherung der natürlichen Lebensgrundlagen»;I.;5,247,512  ;2,622,700  ;50.0  ;23,261  ;7,886  ;2,591,553  ;671,099  ;1,920,454  ;25.9  ;V ;0;20 6/2
589;11/30/2014;Volksinitiative «Rettet unser Schweizer Gold (Gold-Initiative)»;I.;5,247,512  ;2,613,900  ;49.8  ;50,830  ;8,405  ;2,554,665  ;580,528  ;1,974,137  ;22.7  ;V ;0;20 6/2
590;03/08/2015;Volksinitiative «Familien stärken! Steuerfreie Kinder- und Ausbildungszulagen»;I.;5,254,965  ;2,210,891  ;42.1  ;16,702  ;6,285  ;2,187,904  ;537,795  ;1,650,109  ;24.6  ;V ;0;20 6/2
591;03/08/2015;Volksinitiative «Energie- statt Mehrwertsteuer»;I.;5,254,965  ;2,210,121  ;42.1  ;18,169  ;6,221  ;2,185,731  ;175,405  ;2,010,326  ;8.0  ;V ;0;20 6/2
592;06/14/2015;Bundesbeschluss über die Änderung der Verfassungsbestimmung zur Fortpflanzungsmedizin und Gentechnologie im Humanbereich;Obl.;5,265,120  ;2,290,993  ;43.5  ;59,651  ;6,864  ;2,224,478  ;1,377,613  ;846,865  ;61.9  ;A ;17 3/2;3 3/2
593;06/14/2015;Volksinitiative «Stipendieninitiative»;I.;5,265,120  ;2,287,555  ;43.4  ;58,661  ;6,699  ;2,222,195  ;610,284  ;1,611,911  ;27.5  ;V ;0;20 6/2
594;06/14/2015;Volksinitiative «Millionen-Erbschaften besteuern für unsere AHV (Erbschaftssteuerreform)»;I.;5,265,120  ;2,301,320  ;43.7  ;23,325  ;6,162  ;2,271,833  ;657,851  ;1,613,982  ;29.0  ;V ;0;20 6/2
595;06/14/2015;Bundesgesetz über Radio und Fernsehen;Fak.;5,265,120  ;2,297,963  ;43.6  ;38,136  ;6,432  ;2,253,395  ;1,128,522  ;1,124,873  ;50.1  ;A ;*;*
596 7);02/28/2016;Volksinitiative «Für Ehe und Familie – gegen die Heiratsstrafe»;I.;5,302,873  ;3,354,019  ;63.2  ;69,355  ;11,288  ;3,273,376  ;1,609,152  ;1,664,224  ;49.2  ;V ;15 3/2;5 3/2
597;02/28/2016;Volksinitiative «Zur Durchsetzung der Ausschaffung krimineller Ausländer (Durchsetzungsinitiative)»;I.;5,302,873  ;3,379,567  ;63.7  ;27,059  ;10,445  ;3,342,063  ;1,375,098  ;1,966,965  ;41.1  ;V ;3 3/2;17 3/2
598;02/28/2016;Volksinitiative «Keine Spekulation mit Nahrungsmitteln!»;I.;5,302,873  ;3,336,178  ;62.9  ;110,392  ;12,063  ;3,213,723  ;1,287,786  ;1,925,937  ;40.1  ;V ;1 1/2;19 5/2
599;02/28/2016;Bundesgesetz über den Strassentransitverkehr im Alpengebiet (Sanierung Gotthard-Strassentunnel);Fak.;5,302,873  ;3,365,568  ;63.5  ;50,587  ;10,732  ;3,304,249  ;1,883,859  ;1,420,390  ;57.0  ;A ;*;*
600;06/05/2016;Volksinitiative «Pro Service public»;I.;5,313,287  ;2,485,007  ;46.8  ;55,409  ;7,588  ;2,422,010  ;784,303  ;1,637,707  ;32.4  ;V ;0;20 6/2
601;06/05/2016;Volksinitiative «Für ein bedingungsloses Grundeinkommen»;I.;5,313,287  ;2,494,848  ;47.0  ;21,596  ;7,064  ;2,466,188  ;568,660  ;1,897,528  ;23.1  ;V ;0;20 6/2
602;06/05/2016;Volksinitiative «Für eine faire Verkehrsfinanzierung»;I.;5,313,287  ;2,485,384  ;46.8  ;48,284  ;7,465  ;2,429,635  ;709,974  ;1,719,661  ;29.2  ;V ;0;20 6/2
603;06/05/2016;Bundesgesetz über die medizinisch unterstützte Fortpflanzung (Fortpflanzungsmedizingesetz, FMedG);Fak.;5,313,287  ;2,480,345  ;46.7  ;84,284  ;8,326  ;2,387,735  ;1,490,417  ;897,318  ;62.4  ;A ;*;*
604;06/05/2016;Änderung des Asylgesetzes (AsylG);Fak.;5,313,287  ;2,486,032  ;46.8  ;57,569  ;7,780  ;2,420,683  ;1,616,597  ;804,086  ;66.8  ;A ;*;*
605;09/25/2016;Volksinitiative «Für eine nachhaltige und ressourceneffiziente Wirtschaft (Grüne Wirtschaft)»;I.;5,329,183  ;2,291,470  ;43.0  ;34,746  ;6,681  ;2,250,043  ;819,770  ;1,430,273  ;36.4  ;V ;1;19 6/2
606;09/25/2016;Volksinitiative «AHVplus: für eine starke AHV»;I.;5,329,183  ;2,298,492  ;43.1  ;22,647  ;6,438  ;2,269,407  ;921,375  ;1,348,032  ;40.6  ;V ;5;15 6/2
607;09/25/2016;Bundesgesetz über den Nachrichtendienst (Nachrichtendienstgesetz, NDG);Fak.;5,329,183  ;2,288,549  ;42.9  ;54,377  ;7,039  ;2,227,133  ;1,459,068  ;768,065  ;65.5  ;A ;*;*
608;11/27/2016;Volksinitiative «Für den geordneten Ausstieg aus der Atomenergie»;I.;5,336,711  ;2,421,998  ;45.4  ;14,289  ;7,440  ;2,400,269  ;1,099,409  ;1,300,860  ;45.8  ;V ;4 2/2;16 4/2
609;02/12/2017;Bundesbeschluss über die erleichterte Einbürgerung von Personen der dritten Ausländergeneration;Obl.;5,344,186  ;2,503,450  ;46.8  ;13,948  ;7,031  ;2,482,471  ;1,499,627  ;982,844  ;60.4  ;A ;15 4/2;5 2/2
610;02/12/2017;Bundesbeschluss über die Schaffung eines Fonds für die Nationalstrassen und den Agglomerationsverkehr;Obl.;5,344,186  ;2,491,320  ;46.6  ;55,963  ;7,828  ;2,427,529  ;1,503,746  ;923,783  ;61.9  ;A ;20 6/2;0
611;02/12/2017;Bundesgesetz über steuerliche Massnahmen zur Stärkung der Wettbewerbsfähigkeit des Unternehmensstandorts Schweiz;Fak.;5,344,186  ;2,490,785  ;46.6  ;64,859  ;8,453  ;2,417,473  ;989,311  ;1,428,162  ;40.9  ;V ;*;*
612;05/21/2017;Energiegesetz (EnG);Fak.;5,356,575  ;2,297,296  ;42.9  ;19,369  ;6,611  ;2,271,316  ;1,322,263  ;949,053  ;58.2  ;A ;*;*
613;09/24/2017;Bundesbeschluss über die Ernährungssicherheit;Obl.;5,372,748  ;2,531,209  ;47.1  ;54,913  ;8,197  ;2,468,099  ;1,943,180  ;524,919  ;78.7  ;A ;20 6/2;0
614;09/24/2017;Bundesbeschluss über die Zusatzfinanzierung der AHV durch eine Erhöhung der Mehrwertsteuer;Obl.;5,372,748  ;2,546,386  ;47.4  ;26,498  ;7,937  ;2,511,951  ;1,254,795  ;1,257,156  ;49.95  ;V ;9 1/2;11 5/2
615;09/24/2017;Bundesgesetz über die Reform der Altersvorsorge 2020;Fak.;5,372,748  ;2,545,897  ;47.4  ;30,679  ;8,063  ;2,507,155  ;1,186,203  ;1,320,952  ;47.3  ;V ;*;*
616p;03/04/2018;Bundesbeschluss über die neue Finanzordnung 2021 ;Obl.;5,391,413  ;;53.6  ;;;2,803,332  ;2,357,915  ;445,417  ;84.10  ;A ;20 6/2;0
617p;03/04/2018;Volksinitiative «Ja zur Abschaffung der Radio- und Fernsehgebühren (Abschaffung der Billag-Gebühren)» ;I.;5,391,413  ;;54.8  ;;;2,931,769  ;833,630  ;2,098,139  ;28.4  ;V ;0;20 6/2
618 p;06/10/2018;Volksinitiative «Für krisensicheres Geld: Geldschöpfung allein durch die Nationalbank! (Vollgeld-Initiative);I.;5,400,268  ;1,650,855  ;34.5  ;33,905  ;6,687  ;1,821,835  ;442,387  ;1,379,448  ;24.3  ;V ;0;20 6/2
619 p;06/10/2018;Bundesgesetz über Geldspiele (Geldspielgesetz);Fak.;5,400,268  ;1,648,943  ;34.4  ;35,085  ;6,589  ;1,818,229  ;1,325,982  ;492,247  ;72.9  ;A ;*;*
459;03/12/2000;Bundesbeschluss über die Justizreform;Obl.;4,659,124  ;1,953,228  ;41.9    ;80,905  ;7,861  ;1,864,462  ;1,610,107  ;254,355  ;86.4    ;A ;20 6/2 ;0 
460;03/12/2000;Volksinitiative «für Beschleunigung der direkten Demokratie (Behandlungsfristen für Volksinitiativen in Form eines ausgearbeiteten Entwurfs)»;I.;4,659,124  ;1,961,705  ;42.1    ;44,268  ;7,483  ;1,909,954  ;573,038  ;1,336,916  ;30.0    ;V ;0 ;20 6/2 
461;03/12/2000;Volksinitiative «für eine gerechte Vertretung der Frauen in den Bundesbehörden (Initiative 3. März)»;I.;4,659,124  ;1,965,541  ;42.2    ;31,355  ;7,013  ;1,927,173  ;346,314  ;1,580,859  ;18.0    ;V ;0 ;20 6/2 
462;03/12/2000;Volksinitiative «zum Schutze des Menschen vor Manipulationen in der Fortpflanzungstechnologie (Initiative für menschenwürdige Fortpflanzung [FMF])»;I.;4,659,124  ;1,966,168  ;42.2    ;47,594  ;7,407  ;1,911,167  ;539,795  ;1,371,372  ;28.2    ;V ;0 ;20 6/2 
463;03/12/2000;Volksinitiative «für die Halbierung des motorisierten Strassenverkehrs zur Erhaltung und Verbesserung von Lebensräumen (Verkehrshalbierungs-Initiative)»;I.;4,659,124  ;1,974,530  ;42.4    ;19,419  ;6,988  ;1,948,123  ;415,605  ;1,532,518  ;21.3    ;V ;0 ;20 6/2 
464;05/21/2000;Bundesbeschluss über die Genehmigung der sektoriellen Abkommen zwischen der Schweizerischen Eidgenossenschaft einerseits und der Europäischen Gemeinschaft andererseits;Fak.;4,664,482  ;2,253,284  ;48.3    ;16,317  ;8,894  ;2,228,073  ;1,497,093  ;730,980  ;67.2    ;A ;* ;* 
465.1;09/24/2000;Volksinitiative «für einen Solarrappen»;I.;4,676,482  ;2,090,548  ;44.7    ;42,981  ;10,311  ;2,037,256  ;636,848  ;1,364,751  ;31.3    ;V ;0 ;20 6/2 
465.2;09/24/2000;Verfassungsartikel über eine Förderabgabe für erneuerbare Energien;GE;4,676,482  ;2,090,548  ;44.7    ;42,981  ;10,311  ;2,037,256  ;922,481  ;1,055,977  ;45.3    ;V ;4 1/2 ;16 5/2 
466;09/24/2000;Verfassungsartikel über eine Energielenkungsabgabe für die Umwelt;Obl.;4,676,482  ;2,099,325  ;44.9    ;72,418  ;9,160  ;2,017,747  ;898,050  ;1,119,697  ;44.5    ;V ;2 1/2 ;18 5/2 
467;09/24/2000;Volksinitiative «für eine Regelung der Zuwanderung»;I.;4,676,482  ;2,117,053  ;45.3    ;23,232  ;8,971  ;2,084,850  ;754,626  ;1,330,224  ;36.2    ;V ;0 ;20 6/2 
468;09/24/2000;Volksinitiative «Mehr Rechte für das Volk dank dem Referendum mit Gegenvorschlag»;I.;4,676,482  ;2,095,513  ;44.8    ;101,274  ;9,433  ;1,984,806  ;676,776  ;1,308,030  ;34.1    ;V ;0 ;20 6/2 
469;11/26/2000;Volksinitiative «für eine Flexibilisierung der AHV - gegen die Erhöhung des Rentenalters für Frauen»;I.;4,681,043  ;1,950,308  ;41.7    ;27,527  ;6,650  ;1,916,131  ;756,337  ;1,159,794  ;39.5    ;V ;6 ;14 6/2 
470;11/26/2000;Volksinitiative «für ein flexibles Rentenalter ab 62 für Frau und Mann»;I.;4,681,043  ;1,952,766  ;41.7    ;21,625  ;6,384  ;1,924,757  ;885,772  ;1,038,985  ;46.0    ;V ;7 ;13 6/2 
471;11/26/2000;Volksinitiative «Sparen beim Militär und der Gesamtverteidigung - für mehr Frieden und zukunftsgerichtete Arbeitsplätze»;I.;4,681,043  ;1,952,765  ;41.7    ;24,339  ;6,456  ;1,921,970  ;723,047  ;1,198,923  ;37.6    ;V ;4 ;16 6/2 
472;11/26/2000;Volksinitiative «für tiefere Spitalkosten»;I.;4,681,043  ;1,950,182  ;41.7    ;26,015  ;6,631  ;1,917,536  ;343,008  ;1,574,528  ;17.9    ;V ;0 ;20 6/2 
473;11/26/2000;Bundespersonalgesetz;Fak.;4,681,043  ;1,944,222  ;41.5    ;60,698  ;7,148  ;1,876,376  ;1,253,995  ;622,381  ;66.8    ;A ;* ;* 
474;03/04/2001;Volksinitiative «Ja zu Europa!»;I.;4,688,461  ;2,616,119  ;55.8    ;24,106  ;12,247  ;2,579,766  ;597,217  ;1,982,549  ;23.2    ;V ;0 ;20 6/2 
475;03/04/2001;Volksinitiative «für tiefere Arzneimittelpreise»;I.;4,688,461  ;2,612,008  ;55.7    ;33,816  ;12,474  ;2,565,718  ;791,589  ;1,774,129  ;30.9    ;V ;0 ;20 6/2 
476;03/04/2001;Volksinitiative «für mehr Verkehrssicherheit durch Tempo 30 innerorts mit Ausnahmen (Strassen für alle)»;I.;4,688,461  ;2,616,139  ;55.8    ;15,095  ;12,121  ;2,588,923  ;525,609  ;2,063,314  ;20.3    ;V ;0 ;20 6/2 
477;06/10/2001;Bundesgesetz über die Armee und die Militärverwaltung (Bewaffnung);Fak.;4,698,399  ;1,997,658  ;42.5    ;23,112  ;8,920  ;1,965,626  ;1,002,297  ;963,329  ;51.0    ;A ;* ;* 
478;06/10/2001;Bundesgesetz über die Armee und die Militärverwaltung (Ausbildungszusammenarbeit);Fak.;4,698,399  ;1,996,730  ;42.5    ;29,967  ;8,986  ;1,957,777  ;1,001,274  ;956,503  ;51.1    ;A ;* ;* 
479;06/10/2001;Bundesbeschluss über die Aufhebung der Genehmigungspflicht für die Errichtung von Bistümern;Obl.;4,698,399  ;1,975,658  ;42.0    ;104,957  ;10,037  ;1,860,664  ;1,194,556  ;666,108  ;64.2    ;A ;20 6/2 ;0 
480;12/02/2001;Bundesbeschluss über eine Schuldenbremse;Obl.;4,712,583  ;1,782,381  ;37.8    ;38,522  ;6,510  ;1,737,349  ;1,472,259  ;265,090  ;84.7    ;A ;20 6/2 ;0 
481;12/02/2001;Volksinitiative «für eine gesicherte AHV - Energie statt Arbeit besteuern!»;I.;4,712,583  ;1,783,507  ;37.8    ;37,319  ;6,440  ;1,739,748  ;397,747  ;1,342,001  ;22.9    ;V ;0 ;20 6/2 
482;12/02/2001;Volksinitiative «für eine glaubwürdige Sicherheitspolitik und eine Schweiz ohne Armee»;I.;4,712,583  ;1,787,298  ;37.9    ;23,609  ;6,364  ;1,757,325  ;384,905  ;1,372,420  ;21.9    ;V ;0 ;20 6/2 
483;12/02/2001;Volksinitiative «Solidarität schafft Sicherheit: Für einen freiwilligen zivilen Friedensdienst (ZFD)»;I.;4,712,583  ;1,783,860  ;37.9    ;33,323  ;6,446  ;1,744,091  ;404,870  ;1,339,221  ;23.2    ;V ;0 ;20 6/2 
484;12/02/2001;Volksinitiative «für eine Kapitalgewinnsteuer»;I.;4,712,583  ;1,783,571  ;37.8    ;33,048  ;6,414  ;1,744,109  ;594,927  ;1,149,182  ;34.1    ;V ;0 ;20 6/2 
485;03/03/2002;Volksinitiative «für den Beitritt der Schweiz zur Organisation der Vereinten Nationen (UNO)»;I.;4,721,422  ;2,758,925  ;58.4    ;20,386  ;11,800  ;2,726,739  ;1,489,110  ;1,237,629  ;54.6    ;A ;11 2/2 ;9 4/2 
486;03/03/2002;Volksinitiative «für eine kürzere Arbeitszeit»;I.;4,721,422  ;2,750,779  ;58.3    ;30,981  ;11,665  ;2,708,133  ;686,935  ;2,021,198  ;25.4    ;V ;0 ;20 6/2 
487;06/02/2002;Schweizerisches Strafgesetzbuch (Schwangerschaftsabbruch, Fristenregelung);Fak.;4,730,594  ;1,978,123  ;41.8    ;30,008  ;8,465  ;1,939,650  ;1,399,545  ;540,105  ;72.2    ;A ;* ;* 
488;06/02/2002;Volksinitiative «für Mutter und Kind - für den Schutz des ungeborenen Kindes und für die Hilfe an seine Mutter in Not»;I.;4,730,594  ;1,972,596  ;41.7    ;32,912  ;8,382  ;1,931,302  ;352,432  ;1,578,870  ;18.2    ;V ;0 ;20 6/2 
489.1;09/22/2002;Volksinitiative «Überschüssige Goldreserven in den AHV-Fonds»;I.;4,744,197  ;2,143,027  ;45.2    ;10,997  ;9,663  ;2,122,367  ;984,058  ;1,085,072  ;46.4    ;V ;6 ;14 6/2 
489.2;09/22/2002;Gold für AHV, Kantone und Stiftung (Gegenvorschlag zur Goldinitiative);GE;4,744,197  ;2,143,027  ;45.2    ;10,997  ;9,663  ;2,122,367  ;984,537  ;1,057,398  ;46.4    ;V ;6 1/2 ;14 5/2 
490;09/22/2002;Elektrizitätsmarktgesetz;Fak.;4,744,197  ;2,125,214  ;44.8    ;62,974  ;11,058  ;2,051,182  ;972,770  ;1,078,412  ;47.4    ;V ;* ;* 
491;11/24/2002;Volksinitiative «gegen Asylrechtsmissbrauch»;I.;4,749,994  ;2,276,582  ;47.9    ;23,749  ;9,941  ;2,242,892  ;1,119,342  ;1,123,550  ;49.9    ;V ;10 5/2 ;10 1/2 
492;11/24/2002;Bundesgesetz über die obligatorische Arbeitslosenversicherung und die Insolvenzentschädigung;Fak.;4,749,994  ;2,262,121  ;47.6    ;50,879  ;10,019  ;2,201,223  ;1,234,793  ;966,430  ;56.1    ;A ;* ;* 
493;02/09/2003;Bundesbeschluss über die Änderung der Volksrechte;Obl.;4,755,703  ;1,365,517  ;28.7    ;31,216  ;6,658  ;1,327,643  ;934,005  ;393,638  ;70.4    ;A ;20 6/2 ;0 
494;02/09/2003;Bundesgesetz über die Anpassung der kantonalen Beiträge an Spitalbehandlungen;Fak.;4,755,703  ;1,365,354  ;28.7    ;28,735  ;6,818  ;1,329,801  ;1,028,673  ;301,128  ;77.4    ;A ;* ;* 
495;05/18/2003;Bundesgesetz über die Armee und die Militärverwaltung (Armee XXI);Fak.;4,764,659  ;2,361,382  ;49.6    ;90,232  ;11,121  ;2,260,029  ;1,718,452  ;541,577  ;76.0    ;A ;* ;* 
496;05/18/2003;Bundesgesetz über den Bevölkerungsschutz und den Zivilschutz;Fak.;4,764,659  ;2,358,877  ;49.5    ;77,179  ;10,861  ;2,270,837  ;1,829,339  ;441,498  ;80.6    ;A ;* ;* 
497;05/18/2003;Volksinitiative «Ja zu fairen Mieten»;I.;4,764,659  ;2,362,517  ;49.6    ;61,997  ;10,731  ;2,289,789  ;749,388  ;1,540,401  ;32.7    ;V ;1 ;19 6/2 
498;05/18/2003;Volksinitiative «für einen autofreien Sonntag pro Jahreszeit - ein Versuch für vier Jahre»;I.;4,764,659  ;2,373,187  ;49.8    ;20,247  ;10,193  ;2,342,747  ;881,953  ;1,460,794  ;37.6    ;V ;0 ;20 6/2 
499;05/18/2003;Volksinitiative «Gesundheit muss bezahlbar bleiben»;I.;4,764,659  ;2,367,157  ;49.7    ;48,813  ;10,577  ;2,307,767  ;625,073  ;1,682,694  ;27.1    ;V ;0 ;20 6/2 
500;05/18/2003;Volksinitiative «Gleiche Rechte für Behinderte»;I.;4,764,659  ;2,367,883  ;49.7    ;47,178  ;10,563  ;2,310,142  ;870,249  ;1,439,893  ;37.7    ;V ;3 ;17 6/2 
501;05/18/2003;Volksinitiative «Strom ohne Atom - Für eine Energiewende und die schrittweise Stilllegung der Atomkraftwerke»;I.;4,764,659  ;2,369,102  ;49.7    ;34,412  ;10,538  ;2,324,152  ;783,586  ;1,540,566  ;33.7    ;V ;1/2 ;20 5/2 
502;05/18/2003;Volksinitiative «MoratoriumPlus - Für die Verlängerung des Atomkraftwerk-Baustopps und die Begrenzung des Atomrisikos»;I.;4,764,659  ;2,363,075  ;49.6    ;54,914  ;10,864  ;2,297,297  ;955,624  ;1,341,673  ;41.6    ;V ;2/2 ;20 4/2 
503;05/18/2003;Volksinitiative «für ein ausreichendes Berufsbildungsangebot»;I.;4,764,659  ;2,361,583  ;49.6    ;63,596  ;10,731  ;2,287,256  ;722,931  ;1,564,325  ;31.6    ;V ;0 ;20 6/2 
504;02/08/2004;Gegenentwurf zur Volksinitiative «Avanti – für sichere und leistungsfähige Autobahnen»;Obl.;4,788,961  ;2,183,037  ;45.6    ;22,991  ;7,914  ;2,152,132  ;800,632  ;1,351,500  ;37.2    ;V ;0 ;20 6/2 
505;02/08/2004;Obligationenrecht (Miete). Änderung;Fak.;4,788,961  ;2,175,425  ;45.4    ;64,015  ;8,391  ;2,103,019  ;755,561  ;1,347,458  ;35.9    ;V ;* ;* 
506;02/08/2004;Volksinitiative «Lebenslange Verwahrung für nicht therapierbare, extrem gefährliche Sexual- und Gewaltstraftäter»;I.;4,788,961  ;2,180,863  ;45.5    ;39,124  ;8,303  ;2,133,436  ;1,198,867  ;934,569  ;56.2    ;A ;19 5/2 ;1 1/2 
507;05/16/2004;Bundesgesetz über die Alters- und Hinterlassenenversicherung (11. AHV-Revision);Fak.;4,798,197  ;2,438,405  ;50.8    ;20,747  ;10,313  ;2,407,345  ;772,773  ;1,634,572  ;32.1    ;V ;* ;* 
508;05/16/2004;Bundesbeschluss über die Finanzierung der AHV/IV durch Anhebung der Mehrwertsteuersätze;Obl.;4,798,197  ;2,439,301  ;50.8    ;21,035  ;10,369  ;2,407,897  ;756,550  ;1,651,347  ;31.4    ;V ;0 ;20 6/2 
509;05/16/2004;Bundesgesetz über die Änderung von Erlassen im Bereich der Ehe- und Familienbesteuerung, der Wohneigentumsbesteuerung und der Stempelabgaben;Fak.;4,798,197  ;2,439,677  ;50.8    ;21,902  ;10,390  ;2,407,385  ;821,475  ;1,585,910  ;34.1    ;V ;* ;* 
510;09/26/2004;Bundesbeschluss über die ordentliche Einbürgerung sowie über die erleichterte Einbürgerung junger Ausländerinnen und Ausländer der zweiten Generation;Obl.;4,814,035  ;2,591,426  ;53.8    ;20,188  ;12,256  ;2,558,982  ;1,106,529  ;1,452,453  ;43.2    ;V ;5 1/2 ;15 5/2 
511;09/26/2004;Bundesbeschluss über den Bürgerrechtserwerb von Ausländerinnen und Ausländern der dritten Generation;Obl.;4,814,035  ;2,591,968  ;53.8    ;18,214  ;12,255  ;2,561,499  ;1,238,912  ;1,322,587  ;48.4    ;V ;6 1/2 ;14 5/2 
512;09/26/2004;Volksinitiative «Postdienst für alle»;I.;4,814,035  ;2,577,679  ;53.5    ;58,197  ;12,597  ;2,506,885  ;1,247,771  ;1,259,114  ;49.8    ;V ;9 1/2 ;11 5/2 
513;09/26/2004;Bundesgesetz über die Erwerbsersatzordnung für Dienstleistende in Armee, Zivildienst und Zivilschutz (Erwerbsersatzgesetz, EOG);Fak.;4,814,035  ;2,590,724  ;53.8    ;22,600  ;12,385  ;2,555,739  ;1,417,159  ;1,138,580  ;55.5    ;A ;* ;* 
514;11/28/2004;Bundesbeschluss zur Neugestaltung des Finanzausgleichs und der Aufgabenteilung zwischen Bund und Kantonen (NFA);Obl.;4,819,855  ;1,776,714  ;36.9    ;52,754  ;8,064  ;1,715,896  ;1,104,565  ;611,331  ;64.4    ;A ;18 5/2 ;2 1/2 
515;11/28/2004;Bundesbeschluss über eine neue Finanzordnung;Obl.;4,819,855  ;1,775,770  ;36.8    ;61,974  ;8,239  ;1,705,557  ;1,258,895  ;446,662  ;73.8    ;A ;19 6/2 ;1 
516;11/28/2004;Bundesgesetz über die Forschung an embryonalen Stammzellen;Fak.;4,819,855  ;1,785,215  ;37.0    ;35,058  ;7,921  ;1,742,236  ;1,156,706  ;585,530  ;66.4    ;A ;* ;* 
517;06/05/2005;Bundesbeschluss über die Genehmigung und die Umsetzung der bilateralen Abkommen zwischen der Schweiz und der EU über die Assoziierung an Schengen und Dublin;Fak.;4,836,712  ;2,739,694  ;56.6    ;25,255  ;10,137  ;2,704,302  ;1,477,260  ;1,227,042  ;54.6    ;A ;* ;* 
518;06/05/2005;Bundesgesetz über die eingetragene Partnerschaft gleichgeschlechtlicher Paare (Partnerschaftsgesetz, PartG);Fak.;4,836,712  ;2,733,838  ;56.5    ;36,110  ;10,360  ;2,687,368  ;1,559,848  ;1,127,520  ;58.0    ;A ;* ;* 
519;09/25/2005;Bundesbeschluss über die Ausdehnung des Personenfreizügigkeitsabkommens auf die neuen EU-Staaten und über die Revision der flankierenden Massnahmen;Fak.;4,852,272  ;2,634,131  ;54.3    ;18,569  ;9,736  ;2,605,826  ;1,458,686  ;1,147,140  ;56.0    ;A ;* ;* 
520;11/27/2005;Volksinitiative «für Lebensmittel aus gentechnikfreier Landwirtschaft»;I.;4,859,437  ;2,052,910  ;42.2    ;23,043  ;7,550  ;2,022,317  ;1,125,835  ;896,482  ;55.7    ;A ;20 6/2 ;0 
521;11/27/2005;Arbeitsgesetz (Ladenöffnungszeiten in Zentren des öffentlichen Verkehrs);Fak.;4,859,437  ;2,056,269  ;42.3    ;18,279  ;7,257  ;2,030,733  ;1,026,833  ;1,003,900  ;50.6    ;A ;* ;* 
522;05/21/2006;Bundesbeschluss über die Neuordnung der Verfassungsbestimmungen zur Bildung;Obl.;4,877,742  ;1,356,059  ;27.8    ;21,941  ;5,002  ;1,329,116  ;1,137,450  ;191,666  ;85.6    ;A ;20 6/2 ;0 
523;09/24/2006;Volksinitiative «Nationalbankgewinne für die AHV»;I.;4,893,738  ;2,385,591  ;48.7    ;43,402  ;8,844  ;2,333,345  ;973,831  ;1,359,514  ;41.7    ;V ;2 1/2 ;18 5/2 
524;09/24/2006;Bundesgesetz über die Ausländerinnen und Ausländer;Fak.;4,893,738  ;2,393,496  ;48.9    ;27,528  ;8,715  ;2,357,253  ;1,602,134  ;755,119  ;68.0    ;A ;* ;* 
525;09/24/2006;Änderung des Asylgesetzes;Fak.;4,893,738  ;2,393,806  ;48.9    ;26,028  ;8,592  ;2,359,186  ;1,598,552  ;760,634  ;67.8    ;A ;* ;* 
526;11/26/2006;Bundesgesetz über die Zusammenarbeit mit den Staaten Osteuropas;Fak.;4,902,608  ;2,205,269  ;45.0    ;28,926  ;7,659  ;2,168,684  ;1,158,494  ;1,010,190  ;53.4    ;A ;* ;* 
527;11/26/2006;Bundesgesetz über die Familienzulagen;Fak.;4,902,608  ;2,206,479  ;45.0    ;20,850  ;7,418  ;2,178,211  ;1,480,796  ;697,415  ;68.0    ;A ;* ;* 
528;03/11/2007;Volksinitiative «Für eine soziale Einheitskrankenkasse»;I.;4,914,448  ;2,257,903  ;45.9    ;16,993  ;8,780  ;2,232,130  ;641,917  ;1,590,213  ;28.8    ;V ;2 ;18 6/2 
529;06/17/2007;Bundesgesetz über die Invalidenversicherung;Fak.;4,929,139  ;1,784,498  ;36.2    ;19,618  ;5,970  ;1,758,910  ;1,039,282  ;719,628  ;59.1    ;A ;* ;* 
530;02/24/2008;Volksinitiative «Gegen Kampfjetlärm in Tourismusgebieten»;I.;4,957,778  ;1,920,885  ;38.7    ;31,490  ;6,218  ;1,883,177  ;601,070  ;1,282,107  ;31.9    ;V ;0 ;20 6/2 
531;02/24/2008;Bundesgesetz über die Verbesserung der steuerlichen Rahmenbedingungen für unternehmerische Tätigkeiten und Investitionen;Fak.;4,957,778  ;1,914,955  ;38.6    ;50,745  ;6,478  ;1,857,732  ;938,742  ;918,990  ;50.5    ;A ;* ;* 
532;06/01/2008;Volksinitiative «Für demokratische Einbürgerungen»;I.;4,969,834  ;2,245,570  ;45.2    ;18,803  ;6,795  ;2,219,972  ;804,728  ;1,415,244  ;36.2    ;V ;1 ;19 6/2 
533;06/01/2008;Volksinitiative «Volkssouveränität statt Behördenpropaganda»;I.;4,969,834  ;2,229,206  ;44.9    ;49,202  ;6,887  ;2,173,117  ;538,926  ;1,634,191  ;24.8    ;V ;0 ;20 6/2 
534;06/01/2008;Verfassungsartikel «Für Qualität und Wirtschaftlichkeit in der Krankenversicherung»;Obl.;4,969,834  ;2,227,203  ;44.8    ;53,247  ;6,949  ;2,167,007  ;661,310  ;1,505,697  ;30.5    ;V ;0 ;20 6/2 
535;11/30/2008;Volksinitiative «für die Unverjährbarkeit pornografischer Straftaten an Kindern»;I.;4,993,100  ;2,374,312  ;47.6    ;40,912  ;7,958  ;2,325,442  ;1,206,323  ;1,119,119  ;51.9    ;A ;16 4/2 ;4 2/2 
536;11/30/2008;Volksinitiative «für ein flexibles AHV-Alter»;I.;4,993,100  ;2,380,196  ;47.7    ;27,686  ;7,691  ;2,344,819  ;970,221  ;1,374,598  ;41.4    ;V ;4 ;16 6/2 
537;11/30/2008;Volksinitiative «Verbandsbeschwerderecht: Schluss mit der Verhinderungspolitik - Mehr Wachstum für die Schweiz!»;I.;4,993,100  ;2,359,213  ;47.2    ;75,453  ;8,527  ;2,275,233  ;773,467  ;1,501,766  ;34.0    ;V ;0 ;20 6/2 
538;11/30/2008;Volksinitiative «für eine vernünftige Hanf-Politik mit wirksamem Jugendschutz»;I.;4,993,100  ;2,365,431  ;47.4    ;52,198  ;8,348  ;2,304,885  ;846,985  ;1,457,900  ;36.7    ;V ;0 ;20 6/2 
539;11/30/2008;Bundesgesetz über die Betäubungsmittel und psychotropen Stoffe;Fak.;4,993,100  ;2,355,412  ;47.2    ;82,003  ;8,489  ;2,264,920  ;1,541,928  ;722,992  ;68.1    ;A ;* ;* 
540;02/08/2009;Bundesbeschluss über die Genehmigung der Weiterführung des Freizügigkeitsabkommens zwischen der Schweiz und der Europäischen Gemeinschaft sowie über die Genehmigung des Protokolls über die Ausdehnung des Abkommens auf Bulgarien und Rumänien;Fak.;4,999,664  ;2,572,040  ;51.4    ;18,897  ;8,112  ;2,545,031  ;1,517,132  ;1,027,899  ;59.6    ;A ;* ;* 
541;05/17/2009;Verfassungsartikel «Zukunft mit Komplementärmedizin» (Gegenentwurf zur Volksinitiative «Ja zur Komplementärmedizin»);Obl.;5,011,176  ;1,944,267  ;38.8    ;23,413  ;5,401  ;1,915,453  ;1,283,893  ;631,560  ;67.0    ;A ;20 6/2 ;0 
542;05/17/2009;Bundesbeschluss über die Genehmigung und Umsetzung des Notenaustauschs zwischen der Schweiz und der Europäischen Gemeinschaft betreffend die Übernahme der Verordnung über biometrische Pässe und Reisedokumente;Fak.;5,011,176  ;1,942,864  ;38.8    ;36,473  ;5,726  ;1,900,665  ;953,173  ;947,492  ;50.1    ;A ;* ;* 
543;09/27/2009;Bundesbeschluss über eine befristete Zusatzfinanzierung der Invalidenversicherung durch Anhebung der Mehrwertsteuersätze;Obl.;5,030,938  ;2,063,128  ;41.0    ;17,630  ;5,950  ;2,039,548  ;1,112,818  ;926,730  ;54.6    ;A ;11 2/2 ;9 4/2 
544;09/27/2009;Bundesbeschluss über den Verzicht auf die Einführung der allgemeinen Volksinitiative;Obl.;5,030,938  ;2,034,093  ;40.4    ;100,726  ;7,466  ;1,925,901  ;1,307,237  ;618,664  ;67.9    ;A ;20 6/2 ;0 
545;11/29/2009;Bundesbeschluss zur Schaffung einer Spezialfinanzierung für Aufgaben im Luftverkehr;Obl.;5,039,710  ;2,652,205  ;52.6    ;163,305  ;12,105  ;2,476,795  ;1,609,682  ;867,113  ;65.0    ;A ;20 6/2 ;0 
546;11/29/2009;Volksinitiative «Für ein Verbot von Kriegsmaterial-Exporten»;I.;5,039,710  ;2,690,488  ;53.4    ;45,910  ;9,290  ;2,635,288  ;837,156  ;1,798,132  ;31.8    ;V ;0 ;20 6/2 
547;11/29/2009;Volksinitiative «Gegen den Bau von Minaretten»;I.;5,039,710  ;2,709,287  ;53.8    ;30,519  ;9,318  ;2,669,450  ;1,535,010  ;1,134,440  ;57.5    ;A ;17 5/2 ;3 1/2 
359;04/01/1990;Volksinitiative «Stopp dem Beton - für eine Begrenzung des Strassenbaus!»;I.;4,327,120  ;1,779,499  ;41.1  ;21,580  ;2,107  ;1,755,812  ;500,615  ;1,255,197  ;28.5  ;V ;0 ;20 6/2 
360;04/01/1990;Volksinitiative «für eine autobahnfreie Landschaft zwischen Murten und Yverdon»;I.;4,327,120  ;1,778,172  ;41.1  ;28,920  ;2,248  ;1,747,004  ;571,648  ;1,175,356  ;32.7  ;V ;0 ;20 6/2 
361;04/01/1990;Volksinitiative «für ein autobahnfreies Knonauer Amt»;I.;4,327,120  ;1,779,697  ;41.1  ;32,026  ;2,611  ;1,745,060  ;547,359  ;1,197,701  ;31.4  ;V ;0 ;20 6/2 
362;04/01/1990;Volksinitiative «für eine freie Aarelandschaft zwischen Biel und Solothurn/Zuchwil»;I.;4,327,120  ;1,776,633  ;41.1  ;34,604  ;2,333  ;1,739,696  ;592,237  ;1,147,459  ;34.0  ;V ;0 ;20 6/2 
363;04/01/1990;Bundesbeschluss über den Rebbau;Fak.;4,327,120  ;1,766,240  ;40.8  ;109,745  ;3,679  ;1,652,816  ;771,207  ;881,609  ;46.7  ;V ;* ;* 
364;04/01/1990;Bundesgesetz über die Organisation der Bundesrechtspflege;Fak.;4,327,120  ;1,762,581  ;40.7  ;120,437  ;3,721  ;1,638,423  ;775,885  ;862,538  ;47.4  ;V ;* ;* 
365;09/23/1990;Volksinitiative «für den Ausstieg aus der Atomenergie»;I.;4,345,490  ;1,756,278  ;40.4  ;21,690  ;2,539  ;1,732,049  ;816,300  ;915,749  ;47.1  ;V ;6 2/2 ;14 4/2 
366;09/23/1990;Volksinitiative «Stopp dem Atomkraftwerkbau (Moratorium)»;I.;4,345,490  ;1,757,127  ;40.4  ;19,375  ;2,446  ;1,735,306  ;946,087  ;789,219  ;54.5  ;A ;17 5/2 ;3 1/2 
367;09/23/1990;Bundesbeschluss über den Energieartikel in der Bundesverfassung;Obl.;4,345,490  ;1,752,962  ;40.3  ;41,246  ;2,930  ;1,708,786  ;1,214,940  ;493,846  ;71.1  ;A ;20 6/2 ;0 
368;09/23/1990;Bundesgesetz über den Strassenverkehr;Fak.;4,345,490  ;1,751,210  ;40.3  ;45,612  ;2,907  ;1,702,691  ;898,958  ;803,733  ;52.8  ;A ;* ;* 
369;03/03/1991;Bundesbeschluss über die Herabsetzung des Stimm- und Wahlrechtsalters auf 18 Jahre;Obl.;4,350,879  ;1,361,213  ;31.3  ;9,794  ;2,347  ;1,349,072  ;981,425  ;367,647  ;72.7  ;A ;20 6/2 ;0 
370;03/03/1991;Volksinitiative «zur Förderung des öffentlichen Verkehrs»;I.;4,350,879  ;1,359,014  ;31.2  ;19,406  ;2,514  ;1,337,094  ;496,600  ;840,494  ;37.1  ;V ;1 1/2 ;19 5/2 
371;06/02/1991;Bundesbeschluss über die Neuordnung der Bundesfinanzen;Obl.;4,499,041  ;1,496,841  ;33.3  ;39,055  ;2,480  ;1,455,306  ;664,318  ;790,988  ;45.6  ;V ;2 1/2 ;18 5/2 
372;06/02/1991;Militärstrafgesetz (MStG);Fak.;4,499,041  ;1,499,196  ;33.3  ;28,614  ;2,466  ;1,468,116  ;817,458  ;650,658  ;55.7  ;A ;* ;* 
373;02/16/1992;Volksinitiative «für eine finanziell tragbare Krankenversicherung (Krankenkasseninitiative)»;I.;4,515,485  ;2,004,983  ;44.4  ;31,969  ;4,469  ;1,968,545  ;772,995  ;1,195,550  ;39.3  ;V ;1 ;19 6/2 
374;02/16/1992;Volksinitiative «zur drastischen und schrittweisen Einschränkung der Tierversuche (Weg vom Tierversuch!)»;I.;4,515,485  ;2,009,400  ;44.5  ;22,854  ;4,412  ;1,982,134  ;864,898  ;1,117,236  ;43.6  ;V ;3 1/2 ;17 5/2 
375;05/17/1992;Bundesbeschluss über den Beitritt der Schweiz zu den Institutionen von Bretton Woods;Fak.;4,519,144  ;1,753,457  ;38.8  ;95,836  ;3,383  ;1,654,238  ;923,685  ;730,553  ;55.8  ;A ;* ;* 
376;05/17/1992;Bundesgesetz über die Mitwirkung der Schweiz an den Institutionen von Bretton Woods;Fak.;4,519,144  ;1,753,278  ;38.8  ;101,607  ;3,488  ;1,648,183  ;929,926  ;718,257  ;56.4  ;A ;* ;* 
377;05/17/1992;Bundesgesetz über den Schutz der Gewässer (Gewässerschutzgesetz, GSchG);Fak.;4,519,144  ;1,771,843  ;39.2  ;26,233  ;2,664  ;1,742,946  ;1,151,706  ;591,240  ;66.1  ;A ;* ;* 
378;05/17/1992;Volksinitiative «zur Rettung unserer Gewässer»;I.;4,519,144  ;1,771,722  ;39.2  ;31,086  ;2,566  ;1,738,070  ;644,083  ;1,093,987  ;37.1  ;V ;0 ;20 6/2 
379;05/17/1992;Gegenentwurf der Bundesversammlung zur Volksinitiative «gegen Missbräuche der Fortpflanzungs- und Gentechnologie beim Menschen»;Obl.;4,519,144  ;1,770,487  ;39.2  ;45,657  ;3,143  ;1,721,687  ;1,271,052  ;450,635  ;73.8  ;A ;19 6/2 ;1 
380;05/17/1992;Bundesbeschluss über die Einführung eines Zivildienstes für Dienstverweigerer;Obl.;4,519,144  ;1,772,139  ;39.2  ;22,027  ;2,408  ;1,747,704  ;1,442,263  ;305,441  ;82.5  ;A ;20 6/2 ;0 
381;05/17/1992;Schweizerisches Strafgesetzbuch, Militärstrafgesetz (Strafbare Handlungen gegen die sexuelle Integrität);Fak.;4,519,144  ;1,768,752  ;39.1  ;48,500  ;2,925  ;1,717,327  ;1,255,604  ;461,723  ;73.1  ;A ;* ;* 
382;09/27/1992;Bundesbeschluss über den Bau der schweizerischen Eisenbahn-Alpentransversale (Alpentransit-Beschluss);Fak.;4,533,617  ;2,080,785  ;45.9  ;24,945  ;2,878  ;2,052,962  ;1,305,914  ;747,048  ;63.6  ;A ;* ;* 
383;09/27/1992;Bundesgesetz über den Geschäftsverkehr der Bundesversammlung sowie über die Form, die Bekanntmachung und das Inkrafttreten ihrer Erlasse (Geschäftsverkehrsgesetz);Fak.;4,533,617  ;2,058,710  ;45.4  ;162,708  ;4,685  ;1,891,317  ;1,097,185  ;794,132  ;58.0  ;A ;* ;* 
384;09/27/1992;Bundesgesetz über die Bezüge der Mitglieder der eidgenössischen Räte und über die Beiträge an die Fraktionen (Entschädigungsgesetz);Fak.;4,533,617  ;2,065,103  ;45.6  ;93,732  ;3,649  ;1,967,722  ;542,768  ;1,424,954  ;27.6  ;V ;* ;* 
385;09/27/1992;Bundesgesetz über die Beiträge an die Infrastrukturkosten der Fraktionen und der Mitglieder der eidgenössischen Räte (Infrastrukturgesetz);Fak.;4,533,617  ;2,061,749  ;45.5  ;127,774  ;3,894  ;1,930,081  ;590,484  ;1,339,597  ;30.6  ;V ;* ;* 
386;09/27/1992;Bundesgesetz über die Stempelabgaben;Fak.;4,533,617  ;2,070,537  ;45.7  ;65,275  ;3,332  ;2,001,930  ;1,230,579  ;771,351  ;61.5  ;A ;* ;* 
387;09/27/1992;Bundesgesetz über das bäuerliche Bodenrecht;Fak.;4,533,617  ;2,069,711  ;45.7  ;90,249  ;4,054  ;1,975,408  ;1,058,317  ;917,091  ;53.6  ;A ;* ;* 
388;12/06/1992;Bundesbeschluss über den Europäischen Wirtschaftsraum (EWR);Obl.;4,546,571  ;3,580,094  ;78.7  ;23,487  ;7,027  ;3,549,580  ;1,762,872  ;1,786,708  ;49.7  ;V ;6 2/2 ;14 4/2 
389;03/07/1993;Bundesgesetz über die Erhöhung des Treibstoffzolles;Fak.;4,551,493  ;2,333,833  ;51.3  ;19,307  ;4,086  ;2,310,440  ;1,259,373  ;1,051,067  ;54.5  ;A ;* ;* 
390;03/07/1993;Bundesbeschluss über die Aufhebung des Spielbankenverbots;Obl.;4,551,493  ;2,332,502  ;51.2  ;29,343  ;4,707  ;2,298,452  ;1,665,454  ;632,998  ;72.5  ;A ;20 6/2 ;0 
391;03/07/1993;Volksinitiative «zur Abschaffung der Tierversuche»;I.;4,551,493  ;2,331,753  ;51.2  ;40,830  ;4,832  ;2,286,091  ;634,758  ;1,651,333  ;27.8  ;V ;0 ;20 6/2 
392;06/06/1993;Volksinitiative «40 Waffenplätze sind genug - Umweltschutz auch beim Militär»;I.;4,559,258  ;2,534,004  ;55.6  ;14,715  ;3,584  ;2,515,705  ;1,124,893  ;1,390,812  ;44.7  ;V ;6 2/2 ;14 4/2 
393;06/06/1993;Volksinitiative «für eine Schweiz ohne neue Kampfflugzeuge»;I.;4,559,258  ;2,534,220  ;55.6  ;20,077  ;3,738  ;2,510,405  ;1,074,661  ;1,435,744  ;42.8  ;V ;3 2/2 ;17 4/2 
394;09/26/1993;Bundesbeschluss gegen den Waffenmissbrauch;Obl.;4,553,754  ;1,814,663  ;39.8  ;27,262  ;2,593  ;1,784,808  ;1,539,782  ;245,026  ;86.3  ;A ;20 6/2 ;0 
395;09/26/1993;Bundesbeschluss über den Anschluss des bernischen Amtsbezirks Laufen an den Kanton Basel-Landschaft;Obl.;4,553,754  ;1,798,547  ;39.5  ;209,883  ;6,830  ;1,581,834  ;1,188,941  ;392,893  ;75.2  ;A ;20 6/2 ;0 
396;09/26/1993;Volksinitiative «für einen arbeitsfreien Bundesfeiertag» (1. August-Initiative);I.;4,553,754  ;1,816,428  ;39.9  ;32,226  ;2,795  ;1,781,407  ;1,492,285  ;289,122  ;83.8  ;A ;20 6/2 ;0 
397;09/26/1993;Bundesbeschluss über befristete Massnahmen gegen die Kostensteigerung in der Krankenversicherung;Fak.;4,553,754  ;1,811,582  ;39.8  ;50,400  ;2,971  ;1,758,211  ;1,416,209  ;342,002  ;80.5  ;A ;* ;* 
398;09/26/1993;Bundesbeschluss über Massnahmen in der Arbeitslosenversicherung;Fak.;4,553,754  ;1,809,748  ;39.7  ;66,321  ;3,245  ;1,740,182  ;1,225,069  ;515,113  ;70.4  ;A ;* ;* 
399;11/28/1993;Bundesbeschluss über die Finanzordnung;Obl.;4,565,751  ;2,073,194  ;45.4  ;48,433  ;3,330  ;2,021,431  ;1,347,400  ;674,031  ;66.7  ;A ;19 6/2 ;1 
400;11/28/1993;Bundesbeschluss über einen Beitrag zur Gesundung der Bundesfinanzen;Obl.;4,565,751  ;2,071,952  ;45.4  ;52,257  ;3,369  ;2,016,326  ;1,163,887  ;852,439  ;57.7  ;A ;15 6/2 ;5 
401;11/28/1993;Bundesbeschluss über Massnahmen zur Erhaltung der Sozialversicherung;Obl.;4,565,751  ;2,072,283  ;45.4  ;57,503  ;3,526  ;2,011,254  ;1,258,782  ;752,472  ;62.6  ;A ;19 6/2 ;1 
402;11/28/1993;Bundesbeschluss über besondere Verbrauchssteuern;Obl.;4,565,751  ;2,072,208  ;45.4  ;70,176  ;3,634  ;1,998,398  ;1,212,002  ;786,396  ;60.6  ;A ;17 6/2 ;3 
403;11/28/1993;Volksinitiative «zur Verminderung der Alkoholprobleme»;I.;4,565,751  ;2,076,808  ;45.5  ;30,516  ;3,073  ;2,043,219  ;516,054  ;1,527,165  ;25.3  ;V ;0 ;20 6/2 
404;11/28/1993;Volksinitiative «zur Verminderung der Tabakprobleme»;I.;4,565,751  ;2,077,305  ;45.5  ;30,999  ;2,988  ;2,043,318  ;521,433  ;1,521,885  ;25.5  ;V ;0 ;20 6/2 
405;02/20/1994;Bundesbeschluss über die Weiterführung der Nationalstrassenabgabe;Obl.;4,567,573  ;1,863,398  ;40.8  ;21,337  ;2,575  ;1,839,486  ;1,259,609  ;579,877  ;68.5  ;A ;18 6/2 ;2 
406;02/20/1994;Bundesbeschluss über die Weiterführung der Schwerverkehrsabgabe;Obl.;4,567,573  ;1,862,531  ;40.8  ;26,348  ;2,719  ;1,833,464  ;1,324,242  ;509,222  ;72.2  ;A ;20 6/2 ;0 
407;02/20/1994;Bundesbeschluss über die Einführung einer leistungs- oder verbrauchsabhängigen Schwerverkehrsabgabe;Obl.;4,567,573  ;1,861,208  ;40.7  ;38,812  ;2,855  ;1,819,541  ;1,221,630  ;597,911  ;67.1  ;A ;18 6/2 ;2 
408;02/20/1994;Volksinitiative «zum Schutze des Alpengebietes vor dem Transitverkehr»;I.;4,567,573  ;1,865,111  ;40.8  ;23,436  ;2,822  ;1,838,853  ;954,491  ;884,362  ;51.9  ;A ;13 6/2 ;7 
409;02/20/1994;Luftfahrtgesetz;Fak.;4,567,573  ;1,856,045  ;40.6  ;80,734  ;3,752  ;1,771,559  ;1,081,844  ;689,715  ;61.1  ;A ;* ;* 
410;06/12/1994;Bundesbeschluss über einen Kulturförderungsartikel in der Bundesverfassung (Art. 27septies BV);Obl.;4,572,713  ;2,131,789  ;46.6  ;50,640  ;3,936  ;2,077,213  ;1,059,025  ;1,018,188  ;51.0  ;V ;10 2/2 ;10 4/2 
411;06/12/1994;Bundesbeschluss über die Revision der Bürgerrechtsregelung in der Bundesverfassung (Erleichterte Einbürgerung für junge Ausländer);Obl.;4,572,713  ;2,137,944  ;46.8  ;25,899  ;3,430  ;2,108,615  ;1,114,158  ;994,457  ;52.8  ;V ;9 2/2 ;11 4/2 
412;06/12/1994;Bundesgesetz über schweizerische Truppen für friedenserhaltende Operationen (BTFO);Fak.;4,572,713  ;2,138,973  ;46.8  ;31,998  ;3,613  ;2,103,362  ;899,626  ;1,203,736  ;42.8  ;V ;* ;* 
413;09/25/1994;Bundesbeschluss über die Aufhebung der Verbilligung von inländischem Brotgetreide aus Zolleinnahmen;Obl.;4,576,512  ;2,082,706  ;45.5  ;82,941  ;4,689  ;1,995,076  ;1,288,697  ;706,379  ;64.6  ;A ;20 6/2 ;0 
414;09/25/1994;Schweizerisches Strafgesetzbuch Militärstrafgesetz;Fak.;4,576,512  ;2,100,739  ;45.9  ;24,910  ;3,192  ;2,072,637  ;1,132,662  ;939,975  ;54.6  ;A ;* ;* 
415;12/04/1994;Bundesgesetz über die Krankenversicherung (KVG);Fak.;4,580,035  ;2,014,475  ;44.0  ;37,612  ;5,328  ;1,971,535  ;1,021,175  ;950,360  ;51.8  ;A ;* ;* 
416;12/04/1994;Volksinitiative «für eine gesunde Krankenversicherung»;I.;4,580,035  ;2,014,250  ;44.0  ;43,849  ;5,550  ;1,964,851  ;460,674  ;1,504,177  ;23.4  ;V ;0 ;20 6/2 
417;12/04/1994;Bundesgesetz über Zwangsmassnahmen im Ausländerrecht;Fak.;4,580,035  ;2,016,575  ;44.0  ;42,333  ;5,905  ;1,968,337  ;1,435,040  ;533,297  ;72.9  ;A ;* ;* 
418;03/12/1995;Gegenentwurf der Bundesversammlung zur Volksinitiative «für eine umweltgerechte und leistungsfähige bäuerliche Landwirtschaft»;Obl.;4,583,930  ;1,738,895  ;37.9  ;32,030  ;4,543  ;1,702,322  ;836,215  ;866,107  ;49.1  ;V ;8 2/2 ;12 4/2 
419;03/12/1995;Milchwirtschaftsbeschluss 1988 (MWB 1988);Fak.;4,583,930  ;1,738,955  ;37.9  ;34,956  ;4,647  ;1,699,352  ;620,745  ;1,078,607  ;36.5  ;V ;* ;* 
420;03/12/1995;Landwirtschaftsgesetz;Fak.;4,583,930  ;1,738,353  ;37.9  ;37,002  ;4,680  ;1,696,671  ;569,950  ;1,126,721  ;33.6  ;V ;* ;* 
421;03/12/1995;Bundesbeschluss über eine Ausgabenbremse;Obl.;4,583,930  ;1,735,266  ;37.9  ;61,545  ;5,665  ;1,668,056  ;1,390,831  ;277,225  ;83.4  ;A ;20 6/2 ;0 
422;06/25/1995;Bundesgesetz über die Alters- und Hinterlassenenversicherung;Fak.;4,591,795  ;1,856,163  ;40.4  ;21,621  ;6,140  ;1,828,402  ;1,110,053  ;718,349  ;60.7  ;A ;* ;* 
423;06/25/1995;Volksinitiative «zum Ausbau von AHV und IV»;I.;4,591,795  ;1,852,720  ;40.3  ;39,614  ;6,538  ;1,806,568  ;499,266  ;1,307,302  ;27.6  ;V ;0 ;20 6/2 
424;06/25/1995;Bundesgesetz über den Erwerb von Grundstücken durch Personen im Ausland;Fak.;4,591,795  ;1,852,627  ;40.3  ;48,577  ;6,675  ;1,797,375  ;834,673  ;962,702  ;46.4  ;V ;* ;* 
425;03/10/1996;Bundesbeschluss über die Revision des Sprachenartikels in der Bundesverfassung (Art. 116 BV);Obl.;4,599,427  ;1,427,282  ;31.0  ;41,583  ;4,494  ;1,381,205  ;1,052,052  ;329,153  ;76.2  ;A ;20 6/2 ;0 
426;03/10/1996;Bundesbeschluss über den Uebertritt der bernischen Gemeinde Vellerat zum Kanton Jura;Obl.;4,599,427  ;1,425,539  ;31.0  ;55,758  ;4,948  ;1,364,833  ;1,250,728  ;114,105  ;91.6  ;A ;20 6/2 ;0 
427;03/10/1996;Bundesbeschluss über die Aufhebung der kantonalen Zuständigkeit im Bereich der persönlichen Ausrüstung der Armeeangehörigen;Obl.;4,599,427  ;1,426,568  ;31.0  ;45,376  ;4,492  ;1,376,700  ;601,613  ;775,087  ;43.7  ;V ;2 2/2 ;18 4/2 
428;03/10/1996;Bundesbeschluss über die Aufhebung der Pflicht zum Ankauf von Brennapparaten und zur Uebernahme von Branntwein;Obl.;4,599,427  ;1,422,265  ;30.9  ;67,318  ;4,949  ;1,349,998  ;1,090,783  ;259,215  ;80.8  ;A ;20 6/2 ;0 
429;03/10/1996;Bundesbeschluss über die Aufhebung der Bundesbeiträge an Bahnhofparkplatzanlagen;Obl.;4,599,427  ;1,425,049  ;31.0  ;46,519  ;4,519  ;1,374,011  ;741,219  ;632,792  ;53.9  ;A ;11 6/2 ;9 
430;06/09/1996;Gegenentwurf der Bundesversammlung zur Volksinitiative «Bauern und Konsumenten - für eine naturnahe Landwirtschaft»;Obl.;4,602,577  ;1,445,966  ;31.4  ;41,150  ;4,408  ;1,400,408  ;1,086,534  ;313,874  ;77.6  ;A ;20 6/2 ;0 
431;06/09/1996;Regierungs- und Verwaltungsorganisationsgesetz (RVOG);Fak.;4,602,577  ;1,442,422  ;31.3  ;55,124  ;4,678  ;1,382,620  ;544,630  ;837,990  ;39.4  ;V ;* ;* 
432;12/01/1996;Volksinitiative «gegen die illegale Einwanderung»;I.;4,612,266  ;2,156,106  ;46.7  ;28,657  ;6,281  ;2,121,168  ;982,867  ;1,138,301  ;46.3  ;V ;10 2/2 ;10 4/2 
433;12/01/1996;Bundesgesetz über die Arbeit in Industrie, Gewerbe und Handel;Fak.;4,612,266  ;2,154,933  ;46.7  ;32,146  ;5,952  ;2,116,835  ;697,874  ;1,418,961  ;33.0  ;V ;* ;* 
434;06/08/1997;Volksinitiative «EU-Beitrittsverhandlungen vors Volk!»;I.;4,614,662  ;1,635,564  ;35.4  ;24,417  ;4,987  ;1,606,160  ;416,720  ;1,189,440  ;25.9  ;V ;0 ;20 6/2 
435;06/08/1997;Volksinitiative «für ein Verbot der Kriegsmaterialausfuhr»;I.;4,614,662  ;1,636,833  ;35.5  ;26,845  ;4,955  ;1,605,033  ;361,164  ;1,243,869  ;22.5  ;V ;0 ;20 6/2 
436;06/08/1997;Bundesbeschluss über die Aufhebung des Pulverregals;Obl.;4,614,662  ;1,626,896  ;35.3  ;77,520  ;6,165  ;1,543,211  ;1,268,162  ;275,049  ;82.2  ;A ;20 6/2 ;0 
437;09/28/1997;Bundesbeschluss über die Finanzierung der Arbeitslosenversicherung;Fak.;4,620,084  ;1,876,622  ;40.6  ;37,703  ;6,101  ;1,832,818  ;901,361  ;931,457  ;49.2  ;V ;* ;* 
438;09/28/1997;Volksinitiative «Jugend ohne Drogen»;I.;4,620,084  ;1,886,054  ;40.8  ;20,248  ;6,033  ;1,859,773  ;545,713  ;1,314,060  ;29.3  ;V ;0 ;20 6/2 
439;06/07/1998;Bundesbeschluss über Massnahmen zum Haushaltausgleich;Obl.;4,629,496  ;1,894,433  ;40.9  ;76,513  ;7,105  ;1,810,815  ;1,280,329  ;530,486  ;70.7  ;A ;20 6/2 ;0 
440;06/07/1998;Volksinitiative «zum Schutz von Leben und Umwelt vor Genmanipulation (Gen-Schutz-Initiative)»;I.;4,629,496  ;1,913,034  ;41.3  ;29,169  ;6,599  ;1,877,266  ;624,964  ;1,252,302  ;33.3  ;V ;0 ;20 6/2 
441;06/07/1998;Volksinitiative «S.o.S. - Schweiz ohne Schnüffelpolizei»;I.;4,629,496  ;1,897,624  ;41.0  ;56,644  ;6,836  ;1,834,144  ;451,089  ;1,383,055  ;24.6  ;V ;0 ;20 6/2 
442;09/27/1998;Bundesgesetz über eine leistungsabhängige Schwerverkehrsabgabe;Fak.;4,636,259  ;2,402,260  ;51.8  ;24,674  ;7,481  ;2,370,105  ;1,355,735  ;1,014,370  ;57.2  ;A ;* ;* 
443;09/27/1998;Volksinitiative «für preisgünstige Nahrungsmittel und ökologische Bauernhöfe»;I.;4,636,259  ;2,391,658  ;51.6  ;54,518  ;7,680  ;2,329,460  ;535,436  ;1,794,024  ;23.0  ;V ;0 ;20 6/2 
444;09/27/1998;Volksinitiative «für die 10. AHV-Revision ohne Erhöhung des Rentenalters»;I.;4,636,259  ;2,394,024  ;51.6  ;38,203  ;7,716  ;2,348,105  ;973,966  ;1,374,139  ;41.5  ;V ;5 ;15 6/2 
445;11/29/1998;Bundesbeschluss über Bau und Finanzierung von Infrastrukturvorhaben des öffentlichen Verkehrs;Obl.;4,638,920  ;1,777,023  ;38.3  ;32,150  ;5,865  ;1,739,008  ;1,104,294  ;634,714  ;63.5  ;A ;19 3/2 ;1 3/2 
446;11/29/1998;Bundesbeschluss über einen befristet geltenden, neuen Getreideartikel;Obl.;4,638,920  ;1,763,920  ;38.0  ;96,537  ;7,325  ;1,660,058  ;1,318,585  ;341,473  ;79.4  ;A ;20 6/2 ;0 
447;11/29/1998;Volksinitiative «für eine vernünftige Drogenpolitik»;I.;4,638,920  ;1,779,697  ;38.4  ;30,286  ;5,890  ;1,743,521  ;453,451  ;1,290,070  ;26.0  ;V ;0 ;20 6/2 
448;11/29/1998;Bundesgesetz über die Arbeit in Industrie, Gewerbe und Handel;Fak.;4,638,920  ;1,767,694  ;38.1  ;68,253  ;6,452  ;1,692,989  ;1,072,978  ;620,011  ;63.4  ;A ;* ;* 
449;02/07/1999;Bundesbeschluss über die Änderung der Voraussetzung für die Wählbarkeit in den Bundesrat;Obl.;4,641,615  ;1,764,453  ;38.0  ;35,404  ;5,457  ;1,723,592  ;1,287,081  ;436,511  ;74.7  ;A ;18 6/2 ;2 
450;02/07/1999;Bundesbeschluss betreffend die Verfassungsbestimmung über die Transplantationsmedizin;Obl.;4,641,615  ;1,762,875  ;38.0  ;46,216  ;5,471  ;1,711,188  ;1,501,925  ;209,263  ;87.8  ;A ;20 6/2 ;0 
451;02/07/1999;Volksinitiative «Wohneigentum für alle»;I.;4,641,615  ;1,771,969  ;38.2  ;19,817  ;5,410  ;1,746,742  ;721,717  ;1,025,025  ;41.3  ;V ;3 ;17 6/2 
452;02/07/1999;Bundesgesetz über die Raumplanung;Fak.;4,641,615  ;1,762,026  ;38.0  ;53,715  ;5,699  ;1,702,612  ;952,482  ;750,130  ;55.9  ;A ;* ;* 
453;04/18/1999;Bundesbeschluss über eine neue Bundesverfassung;Obl.;4,642,854  ;1,666,869  ;35.9  ;23,335  ;5,066  ;1,638,468  ;969,310  ;669,158  ;59.2  ;A ;12 2/2 ;8 4/2 
454;06/13/1999;Asylgesetz;Fak.;4,646,362  ;2,117,964  ;45.6  ;66,156  ;7,282  ;2,044,526  ;1,443,137  ;601,389  ;70.6  ;A ;* ;* 
455;06/13/1999;Bundesbeschluss über dringliche Massnahmen im Asyl- und Ausländerbereich;Fak.;4,646,362  ;2,119,712  ;45.6  ;68,695  ;7,125  ;2,043,892  ;1,447,984  ;595,908  ;70.8  ;A ;* ;* 
456;06/13/1999;Bundesbeschluss über die ärztliche Verschreibung von Heroin;Fak.;4,646,362  ;2,125,369  ;45.7  ;45,297  ;6,760  ;2,073,312  ;1,128,393  ;944,919  ;54.4  ;A ;* ;* 
457;06/13/1999;Bundesgesetz über die Invalidenversicherung;Fak.;4,646,362  ;2,120,659  ;45.6  ;63,774  ;7,102  ;2,049,783  ;620,797  ;1,428,986  ;30.3  ;V ;* ;* 
458;06/13/1999;Bundesgesetz über die Mutterschaftsversicherung;Fak.;4,646,362  ;2,134,884  ;45.9  ;19,146  ;6,456  ;2,109,282  ;822,458  ;1,286,824  ;39.0  ;V ;* ;* 
305;04/05/1981;Volksinitiative «Mitenand-Initiative für eine neue Ausländerpolitik»;I.;3,947,890  ;1,574,500  ;39.9  ;15,524  ;2,292  ;1,556,684  ;252,531  ;1,304,153  ;16.2  ;V ;0 ;20 6/2 
306;06/14/1981;Bundesbeschluss über die Volksinitiative «Gleiche Rechte für Mann und Frau»;Obl.;3,958,455  ;1,343,601  ;33.9  ;17,312  ;2,702  ;1,323,587  ;797,702  ;525,885  ;60.3  ;A ;14 3/2 ;6 3/2 
307;06/14/1981;Bundesbeschluss über die Volksinitiative «zur Absicherung der Rechte der Konsumenten»;Obl.;3,958,455  ;1,341,560  ;33.9  ;29,949  ;2,605  ;1,309,006  ;858,012  ;450,994  ;65.5  ;A ;18 4/2 ;2 2/2 
308;11/29/1981;Bundesbeschluss über die Weiterführung der Finanzordnung und die Verbesserung des Bundeshaushaltes;Obl.;3,976,769  ;1,207,049  ;30.4  ;18,598  ;1,616  ;1,186,835  ;818,327  ;368,508  ;69.0  ;A ;20 6/2 ;0 
309;06/06/1982;Schweizerisches Strafgesetzbuch (Gewaltverbrechen);Fak.;3,999,674  ;1,407,028  ;35.2  ;22,595  ;1,762  ;1,382,671  ;880,880  ;501,791  ;63.7  ;A ;* ;* 
310;06/06/1982;Ausländergesetz;Fak.;3,999,674  ;1,406,966  ;35.2  ;34,425  ;1,869  ;1,370,672  ;680,404  ;690,268  ;49.6  ;V ;* ;* 
311.1;11/28/1982;Volksinitiative «zur Verhinderung missbräuchlicher Preise»;I.;4,022,995  ;1,324,471  ;32.9  ;12,579  ;9,698  ;1,302,194  ;730,938  ;530,523  ;56.1  ;A ;16 2/2 ;4 4/2 
311.2;11/28/1982;Gegenentwurf zur Volksinitiative «zur Verhinderung missbräuchlicher Preise»;GE;4,022,995  ;1,324,471  ;32.9  ;12,579  ;9,698  ;1,302,194  ;281,132  ;851,006  ;21.6  ;V ;0 ;20 6/2 
312;02/27/1983;Bundesbeschluss über die Neuregelung bei den Treibstoffzöllen;Obl.;4,034,694  ;1,307,873  ;32.4  ;17,706  ;1,162  ;1,289,005  ;679,134  ;609,871  ;52.7  ;A ;14 3/2 ;6 3/2 
313;02/27/1983;Bundesbeschluss über den Energieartikel in der Bundesverfassung;Obl.;4,034,694  ;1,306,593  ;32.4  ;29,811  ;1,250  ;1,275,532  ;649,485  ;626,047  ;50.9  ;V ;11 ;9 6/2 
314;12/04/1983;Bundesbeschluss über Änderungen der Bürgerrechtsregelung in der Bundesverfassung;Obl.;4,073,941  ;1,459,793  ;35.8  ;22,557  ;1,698  ;1,435,538  ;872,981  ;562,557  ;60.8  ;A ;18 5/2 ;2 1/2 
315;12/04/1983;Bundesbeschluss über die Erleichterung gewisser Einbürgerungen;Obl.;4,073,941  ;1,461,270  ;35.9  ;21,687  ;1,661  ;1,437,922  ;644,669  ;793,253  ;44.8  ;V ;4 2/2 ;16 4/2 
316;02/26/1984;Bundesbeschluss über die Erhebung einer Schwerverkehrsabgabe;Obl.;4,087,215  ;2,156,592  ;52.8  ;17,124  ;2,223  ;2,137,245  ;1,254,489  ;882,756  ;58.7  ;A ;13 5/2 ;7 1/2 
317;02/26/1984;Bundesbeschluss über eine Abgabe für die Benützung der Nationalstrassen;Obl.;4,087,215  ;2,157,456  ;52.8  ;17,706  ;2,202  ;2,137,548  ;1,132,497  ;1,005,051  ;53.0  ;A ;13 6/2 ;7 
318;02/26/1984;Volksinitiative «für einen echten Zivildienst auf der Grundlage des Tatbeweises»;I.;4,087,215  ;2,156,780  ;52.8  ;21,464  ;2,421  ;2,132,895  ;771,413  ;1,361,482  ;36.2  ;V ;1 1/2 ;19 5/2 
319;05/20/1984;Volksinitiative «gegen den Missbrauch des Bankgeheimnisses und der Bankenmacht»;I.;4,097,762  ;1,742,351  ;42.5  ;16,954  ;1,796  ;1,723,601  ;464,637  ;1,258,964  ;27.0  ;V ;0 ;20 6/2 
320;05/20/1984;Volksinitiative «gegen den Ausverkauf der Heimat»;I.;4,097,762  ;1,740,736  ;42.5  ;25,824  ;1,961  ;1,712,951  ;837,997  ;874,954  ;48.9  ;V ;7 3/2 ;13 3/2 
321;09/23/1984;Volksinitiative «für eine Zukunft ohne weitere Atomkraftwerke»;I.;4,114,658  ;1,713,477  ;41.6  ;17,992  ;1,448  ;1,694,037  ;762,792  ;931,245  ;45.0  ;V ;5 2/2 ;15 4/2 
322;09/23/1984;Volksinitiative «für eine sichere, sparsame und umweltgerechte Energieversorgung»;I.;4,114,658  ;1,712,397  ;41.6  ;20,212  ;1,502  ;1,690,683  ;773,767  ;916,916  ;45.8  ;V ;5 2/2 ;15 4/2 
323;12/02/1984;Volksinitiative «für einen wirksamen Schutz der Mutterschaft»;I.;4,123,190  ;1,552,010  ;37.6  ;19,166  ;2,428  ;1,530,416  ;241,442  ;1,288,974  ;15.8  ;V ;0 ;20 6/2 
324;12/02/1984;Bundesbeschluss über einen Radio- und Fernsehartikel;Obl.;4,123,190  ;1,547,742  ;37.5  ;86,784  ;3,534  ;1,457,424  ;1,001,888  ;455,536  ;68.7  ;A ;20 6/2 ;0 
325;12/02/1984;Bundesbeschluss über die Volksinitiative «zur Entschädigung der Opfer von Gewaltverbrechen»;Obl.;4,123,190  ;1,551,262  ;37.6  ;36,180  ;2,827  ;1,512,255  ;1,241,377  ;270,878  ;82.1  ;A ;20 6/2 ;0 
326;03/10/1985;Bundesbeschluss über die Aufhebung der Beiträge für den Primarschulunterricht;Obl.;4,134,052  ;1,421,438  ;34.4  ;46,403  ;1,932  ;1,373,103  ;802,882  ;570,221  ;58.5  ;A ;15 6/2 ;5 
327;03/10/1985;Bundesbeschluss über die Aufhebung der Beitragspflicht des Bundes im Gesundheitswesen;Obl.;4,134,052  ;1,422,147  ;34.4  ;48,766  ;1,951  ;1,371,430  ;726,781  ;644,649  ;53.0  ;A ;10 6/2 ;10 
328;03/10/1985;Bundesbeschluss über die Ausbildungsbeiträge;Obl.;4,134,052  ;1,422,205  ;34.4  ;51,614  ;2,020  ;1,368,571  ;651,854  ;716,717  ;47.6  ;V ;7 3/2 ;13 3/2 
329;03/10/1985;Volksinitiative «für eine Verlängerung der bezahlten Ferien»;I.;4,134,052  ;1,430,370  ;34.6  ;19,961  ;1,729  ;1,408,680  ;489,995  ;918,685  ;34.8  ;V ;2 ;18 6/2 
330;06/09/1985;Volksinitiative «Recht auf Leben»;I.;4,144,312  ;1,480,472  ;35.7  ;31,856  ;1,523  ;1,447,093  ;448,016  ;999,077  ;31.0  ;V ;4 3/2 ;16 3/2 
331;06/09/1985;Bundesbeschluss über die Aufhebung des Kantonsanteiles am Reinertrag der Stempelabgaben;Obl.;4,144,312  ;1,460,694  ;35.2  ;100,995  ;1,794  ;1,357,905  ;903,345  ;454,560  ;66.5  ;A ;19 6/2 ;1 
332;06/09/1985;Bundesbeschluss über die Neuverteilung des Reinertrages aus der fiskalischen Belastung gebrannter Wasser;Obl.;4,144,312  ;1,460,771  ;35.2  ;100,479  ;1,839  ;1,358,453  ;982,318  ;376,135  ;72.3  ;A ;19 6/2 ;1 
333;06/09/1985;Bundesbeschluss über die Aufhebung der Unterstützung für die Selbstversorgung mit Brotgetreide;Obl.;4,144,312  ;1,463,634  ;35.3  ;82,030  ;1,697  ;1,379,907  ;787,156  ;592,751  ;57.0  ;A ;16 5/2 ;4 1/2 
334;09/22/1985;Bundesbeschluss über die Volksinitiative «für die Koordination des Schuljahrbeginns»;Obl.;4,160,547  ;1,705,700  ;41.0  ;30,555  ;2,223  ;1,672,922  ;984,463  ;688,459  ;58.8  ;A ;14 4/2 ;6 2/2 
335;09/22/1985;Bundesbeschluss über die Innovationsrisikogarantie zugunsten von kleinen und mittleren Unternehmen;Fak.;4,160,547  ;1,700,216  ;40.9  ;84,782  ;2,639  ;1,612,795  ;695,288  ;917,507  ;43.1  ;V ;* ;* 
336;09/22/1985;Schweizerisches Zivilgesetzbuch (Wirkungen der Ehe im allgemeinen, Ehegüterrecht und Erbrecht);Fak.;4,160,547  ;1,709,875  ;41.1  ;23,290  ;2,223  ;1,684,362  ;921,743  ;762,619  ;54.7  ;A ;* ;* 
337;12/01/1985;Volksinitiative «für die Abschaffung der Vivisektion»;I.;4,167,376  ;1,582,278  ;38.0  ;21,118  ;2,680  ;1,558,480  ;459,358  ;1,099,122  ;29.5  ;V ;0 ;20 6/2 
338;03/16/1986;Bundesbeschluss über den Beitritt der Schweiz zur Organisation der Vereinten Nationen;Obl.;4,181,276  ;2,120,130  ;50.7  ;15,126  ;2,141  ;2,102,863  ;511,713  ;1,591,150  ;24.3  ;V ;0 ;20 6/2 
339.1;09/28/1986;Volksinitiative Eidgenössische «Kulturinitiative»;I.;4,203,197  ;1,460,318  ;34.7  ;53,657  ;12,090  ;1,394,571  ;232,326  ;1,048,679  ;16.7  ;V ;0 ;20 6/2 
339.2;09/28/1986;Gegenentwurf zur Volksinitiative Eidgenössische «Kulturinitiative»;GE;4,203,197  ;1,460,318  ;34.7  ;53,657  ;12,090  ;1,394,571  ;548,081  ;670,195  ;39.3  ;V ;0 ;20 6/2 
340;09/28/1986;Volksinitiative «für eine gesicherte Berufsbildung und Umschulung»;I.;4,203,197  ;1,463,399  ;34.8  ;37,216  ;2,186  ;1,423,997  ;261,759  ;1,162,238  ;18.4  ;V ;0 ;20 6/2 
341;09/28/1986;Bundesbeschluss über die inländische Zuckerwirtschaft;Fak.;4,203,197  ;1,466,799  ;34.9  ;29,103  ;2,191  ;1,435,505  ;547,779  ;887,726  ;38.2  ;V ;* ;* 
342;12/07/1986;Bundesbeschluss über die Volksinitiative «für Mieterschutz»;Obl.;4,210,819  ;1,461,588  ;34.7  ;27,036  ;1,841  ;1,432,711  ;922,221  ;510,490  ;64.4  ;A ;17 3/2 ;3 3/2 
343;12/07/1986;Volksinitiative «für eine gerechte Besteuerung des Schwerverkehrs (Schwerverkehrsabgabe)»;I.;4,210,819  ;1,462,909  ;34.7  ;26,325  ;2,042  ;1,434,542  ;485,930  ;948,612  ;33.9  ;V ;0 ;20 6/2 
344;04/05/1987;Asylgesetz;Fak.;4,223,723  ;1,790,092  ;42.4  ;35,021  ;2,659  ;1,752,412  ;1,180,082  ;572,330  ;67.3  ;A ;* ;* 
345;04/05/1987;Bundesgesetz über Aufenthalt und Niederlassung der Ausländer;Fak.;4,223,723  ;1,783,988  ;42.2  ;73,532  ;2,969  ;1,707,487  ;1,122,027  ;585,460  ;65.7  ;A ;* ;* 
346;04/05/1987;Volksinitiative «für die Mitsprache des Volkes bei Militärausgaben (Rüstungsreferendum)»;I.;4,223,723  ;1,791,628  ;42.4  ;28,080  ;2,702  ;1,760,846  ;714,209  ;1,046,637  ;40.6  ;V ;2 1/2 ;18 5/2 
347;04/05/1987;Bundesbeschluss über das Abstimmungsverfahren bei Volksinitiativen mit Gegenentwurf;Obl.;4,223,723  ;1,785,014  ;42.3  ;72,765  ;3,592  ;1,708,657  ;1,080,992  ;627,665  ;63.3  ;A ;18 6/2 ;2 
348;12/06/1987;Bundesbeschluss betreffend das Konzept BAHN 2000;Fak.;4,250,684  ;2,027,274  ;47.7  ;22,635  ;2,889  ;2,001,750  ;1,140,857  ;860,893  ;57.0  ;A ;* ;* 
349;12/06/1987;Bundesgesetz über die Krankenversicherung;Fak.;4,250,684  ;2,026,041  ;47.7  ;33,063  ;3,300  ;1,989,678  ;571,447  ;1,418,231  ;28.7  ;V ;* ;* 
350;12/06/1987;Volksinitiative «zum Schutz der Moore - Rothenthurm-Initiative»;I.;4,250,684  ;2,026,330  ;47.7  ;26,139  ;3,188  ;1,997,003  ;1,153,448  ;843,555  ;57.8  ;A ;17 6/2 ;3 
351;06/12/1988;Bundesbeschluss über die Verfassungsgrundlagen für eine koordinierte Verkehrspolitik;Obl.;4,267,923  ;1,788,125  ;41.9  ;32,243  ;2,627  ;1,753,255  ;797,955  ;955,300  ;45.5  ;V ;3 2/2 ;17 4/2 
352;06/12/1988;Volksinitiative «zur Herabsetzung des AHV-Rentenalters auf 62 Jahre für Männer und 60 Jahre für Frauen»;I.;4,267,923  ;1,793,431  ;42.0  ;12,892  ;2,609  ;1,777,930  ;624,390  ;1,153,540  ;35.1  ;V ;2 ;18 6/2 
353;12/04/1988;Volksinitiative «Stadt-Land-Initiative gegen die Bodenspekulation»;I.;4,285,419  ;2,263,924  ;52.8  ;31,548  ;2,273  ;2,230,103  ;686,398  ;1,543,705  ;30.8  ;V ;0 ;20 6/2 
354;12/04/1988;Volksinitiative «zur Herabsetzung der Arbeitszeit»;I.;4,285,419  ;2,265,390  ;52.9  ;18,677  ;1,913  ;2,244,800  ;769,264  ;1,475,536  ;34.3  ;V ;2 ;18 6/2 
355;12/04/1988;Volksinitiative «für die Begrenzung der Einwanderung»;I.;4,285,419  ;2,264,316  ;52.8  ;23,752  ;2,143  ;2,238,421  ;731,929  ;1,506,492  ;32.7  ;V ;0 ;20 6/2 
356;06/04/1989;Volksinitiative «für ein naturnahes Bauern - gegen Tierfabriken (Kleinbauern-Initiative)»;I.;4,302,785  ;1,547,257  ;36.0  ;29,347  ;2,445  ;1,515,465  ;741,772  ;773,693  ;48.9  ;V ;7 2/2 ;13 4/2 
357;11/26/1989;Volksinitiative «für eine Schweiz ohne Armee und für eine umfassende Friedenspolitik»;I.;4,320,933  ;2,989,326  ;69.2  ;27,617  ;4,791  ;2,956,918  ;1,052,442  ;1,904,476  ;35.6  ;V ;2 ;18 6/2 
358;11/26/1989;Volksinitiative «pro Tempo 130/100»;I.;4,320,933  ;2,987,966  ;69.2  ;20,165  ;4,822  ;2,962,979  ;1,126,458  ;1,836,521  ;38.0  ;V ;6 ;14 6/2 
